creator	total	signals	videos	unknown_duration
LC	211	0	0	211
💋Casey (Lipps)💋	176	113	63	0
💋Lipps💋	125	46	79	0
DaniElle Luminati	61	13	48	0
rfdesw ujhy	6	0	0	6
3BradlySap	5	0	2	3
Redditmmcgww2	5	0	0	5
Astraea 5D	5	0	5	0
FOOD FOR THOUGHT 313	3	0	3	0
itsjustrobby	3	0	0	3
Mystic Arcana Tarot	3	0	3	0
Ocean Deep Intuition Tarot	3	0	3	0
Spiritual Advisor LLC	3	0	3	0
Earth Angel Goddess 313	3	0	3	0
Earth Angel Goddess Oracle	3	0	3	0
L c	2	0	0	2
Nikodem Sobieraj-Tv	2	0	1	1
DesereGarrigan	2	0	1	1
Redditlovertg4	2	0	1	1
4reddit-mmrr	2	0	1	1
6Redditmmhu	2	0	0	2
Rebecca de Ruijter-Tv	2	0	0	2
Reddit-crtu	2	0	0	2
Intuitive Kev💫🧿	2	0	2	0
TheAfroZen	2	0	2	0
THE SPIRITUAL SAVAGE	2	0	2	0
Angelissa 333	2	0	2	0
💋Casey (Lipps)💋MG	2	1	1	0
💋Casey Sue has some shyt to say💋	2	1	1	0
AllseeingisisOracle	1	0	1	0
POSHRANDY55	1	0	1	0
Redditccby66	1	1	0	0
2reddit-mmee	1	0	1	0
Redditlovedfov3	1	0	1	0
Terrence Grundy	1	0	1	0
Kazh	1	0	0	1
Worldview Channel	1	0	0	1
video_creator🧿📷	1	1	0	0
SetWillFree	1	1	0	0
Venture Blazers	1	1	0	0
FireTags	1	0	1	0
Edward Sturm	1	0	1	0
Colin DeHaan	1	1	0	0
Thị Liên Trần	1	0	0	1
baobao6TV	1	0	0	1
Patryk Kozlowksi-Tv	1	0	0	1
KayleeMaggio5	1	0	0	1
5redditchrbg	1	0	0	1
Web2App	1	1	0	0
Rutger Olk-Tv	1	0	0	1
Dorota Z-Tv	1	0	0	1
Divine Libras Only	1	0	1	0
I'MDEAD🪾2THAWORLD🌎	1	0	1	0
Divine Feminine Tarot Tea	1	0	1	0
AngelTherapy333	1	0	1	0
Linda Likes Tarot	1	0	1	0
The Bee Priestess	1	0	1	0
EtherealG	1	0	1	0
My Queens EYE	1	0	1	0
Goddess Scorpio North Node	1	0	1	0
MYSTIC ROSE 🌹1111	1	0	1	0
Omnipresentinsight ⚕️	1	0	1	0
Angelic Golden Eyes	1	0	1	0
Lee With The Tea Tarot ☕️	1	0	1	0
LORD DRAKO NOBODY	1	0	1	0
Beez Intuition	1	0	1	0
iMWesLee	1	0	1	0
MYSTIC BEAUUTIE	1	0	1	0
Ancient Emperor Tarot	1	0	1	0
Majestic Potions LLC Tarot	1	0	1	0
Brittany The Intuitive Cosmic Wifey	1	0	1	0
AMAZING GRACE 😘	1	0	1	0
MYSTIK 9 THE INTUITIVE	1	0	1	0
🧿GiftedTarot777	1	0	1	0
MADAMEBUTTERFLY444	1	0	1	0
Child Support Made Simple	1	0	1	0
RobbbRyder	1	0	1	0
