surface	handle	priority_creator	hash_like
homepage	AllseeingisisOracle	yes	no
homepage	FOOD_FOR_THOUGHT_313	yes	no
homepage	POSHRANDY55	yes	no
homepage	Ocean_Deep_Intuition_Tarot	no	no
homepage	Spiritual_Advisor_LLC	no	no
homepage	AngelTherapy333	no	no
homepage	Astraea_5D	yes	no
homepage	MADAMEBUTTERFLY444	yes	no
homepage	Lipps	no	no
homepage	Brittany_The_Intuitive_Cosmic_Wifey	no	no
homepage	MYSTIC_BEAUUTIE	no	no
homepage	DaniElleLuminati	no	no
homepage	Child_Support_Made_Simple	no	no
homepage	L_c	no	no
homepage	cea018206caf45f6fef3bf2fa2369305	no	yes
homepage	Earth_Angel_Goddess_313	no	no
homepage	Mystic_Arcana_Tarot	no	no
member-list	04ae4c243870b4551bede2473dfe3afe	no	yes
member-list	06284197eda531b360b165b69e2f4c35	no	yes
member-list	20fab56fad66e8a7f3409c81cd556037	no	yes
member-list	309a73394bfa9028f20558f392ab01e7	no	yes
member-list	3BradlySap	no	no
member-list	3d1e96c9bacc3ed8a49c22e6a4d05823	no	yes
member-list	5a1016c5d47ed53693e5c3e29c22fb1e	no	yes
member-list	5e4d787699efe4214647eb149bf87b6d	no	yes
member-list	5redditchrbg	no	no
member-list	6f0a6214209688f1d53ebf7541b4122c	no	yes
member-list	6Redditmmhu	no	no
member-list	7620d16a4d8282de1a20f795d7bf2b63	no	yes
